{
  "evaluations": {
    "10": {
      "win_rate": 1.0,
      "loss_rate": 0.0,
      "draw_rate": 0.0,
      "wins": 100,
      "losses": 0,
      "draws": 0,
      "total_episodes": 100,
      "avg_episode_length": 30.15,
      "std_episode_length": 12.33399772985223,
      "episode_lengths": [
        38,
        32,
        29,
        10,
        27,
        37,
        33,
        36,
        39,
        34,
        28,
        27,
        27,
        56,
        16,
        21,
        22,
        19,
        31,
        26,
        33,
        21,
        33,
        46,
        19,
        32,
        28,
        34,
        51,
        20,
        20,
        53,
        24,
        35,
        11,
        43,
        45,
        32,
        26,
        28,
        20,
        20,
        63,
        10,
        63,
        59,
        35,
        17,
        32,
        28,
        38,
        27,
        11,
        27,
        17,
        17,
        60,
        26,
        29,
        40,
        31,
        21,
        21,
        47,
        32,
        9,
        33,
        24,
        39,
        22,
        11,
        38,
        39,
        15,
        38,
        46,
        14,
        23,
        14,
        34,
        29,
        30,
        20,
        34,
        57,
        33,
        29,
        32,
        26,
        34,
        34,
        57,
        24,
        32,
        33,
        19,
        27,
        30,
        8,
        15
      ]
    },
    "20": {
      "win_rate": 0.99,
      "loss_rate": 0.0,
      "draw_rate": 0.01,
      "wins": 99,
      "losses": 0,
      "draws": 1,
      "total_episodes": 100,
      "avg_episode_length": 33.6,
      "std_episode_length": 16.7594749321093,
      "episode_lengths": [
        36,
        44,
        48,
        17,
        19,
        27,
        48,
        30,
        47,
        44,
        29,
        13,
        34,
        40,
        35,
        25,
        32,
        33,
        22,
        18,
        41,
        31,
        61,
        40,
        36,
        83,
        64,
        20,
        39,
        39,
        45,
        28,
        15,
        67,
        15,
        35,
        37,
        27,
        31,
        33,
        23,
        23,
        25,
        34,
        75,
        26,
        19,
        15,
        43,
        30,
        29,
        35,
        26,
        28,
        17,
        29,
        25,
        35,
        18,
        27,
        58,
        22,
        28,
        48,
        34,
        15,
        52,
        12,
        26,
        22,
        15,
        52,
        17,
        22,
        14,
        32,
        32,
        39,
        20,
        33,
        27,
        21,
        20,
        87,
        100,
        17,
        36,
        15,
        28,
        32,
        80,
        44,
        17,
        40,
        15,
        32,
        28,
        49,
        46,
        23
      ]
    },
    "30": {
      "win_rate": 1.0,
      "loss_rate": 0.0,
      "draw_rate": 0.0,
      "wins": 100,
      "losses": 0,
      "draws": 0,
      "total_episodes": 100,
      "avg_episode_length": 30.65,
      "std_episode_length": 16.011480256366056,
      "episode_lengths": [
        56,
        20,
        22,
        16,
        60,
        38,
        19,
        35,
        13,
        65,
        17,
        31,
        35,
        16,
        59,
        14,
        13,
        17,
        14,
        21,
        33,
        18,
        25,
        46,
        23,
        77,
        39,
        23,
        35,
        33,
        15,
        31,
        18,
        48,
        19,
        28,
        40,
        63,
        31,
        76,
        51,
        16,
        37,
        29,
        26,
        46,
        30,
        18,
        32,
        39,
        23,
        19,
        14,
        37,
        18,
        14,
        57,
        10,
        49,
        16,
        41,
        28,
        9,
        31,
        16,
        24,
        61,
        11,
        39,
        41,
        67,
        37,
        68,
        26,
        16,
        21,
        17,
        38,
        35,
        49,
        15,
        27,
        13,
        26,
        53,
        22,
        30,
        15,
        14,
        18,
        44,
        35,
        22,
        26,
        17,
        22,
        16,
        31,
        45,
        16
      ]
    },
    "40": {
      "win_rate": 1.0,
      "loss_rate": 0.0,
      "draw_rate": 0.0,
      "wins": 100,
      "losses": 0,
      "draws": 0,
      "total_episodes": 100,
      "avg_episode_length": 28.05,
      "std_episode_length": 12.67467948312698,
      "episode_lengths": [
        28,
        24,
        22,
        25,
        21,
        11,
        31,
        46,
        17,
        34,
        23,
        23,
        27,
        15,
        24,
        15,
        10,
        20,
        26,
        15,
        60,
        22,
        24,
        26,
        28,
        55,
        48,
        29,
        34,
        36,
        17,
        34,
        41,
        42,
        20,
        11,
        41,
        31,
        48,
        33,
        20,
        20,
        49,
        20,
        86,
        37,
        31,
        11,
        53,
        16,
        52,
        28,
        12,
        17,
        15,
        33,
        27,
        12,
        31,
        35,
        29,
        27,
        47,
        17,
        26,
        27,
        46,
        19,
        32,
        47,
        38,
        36,
        15,
        17,
        18,
        18,
        15,
        40,
        31,
        32,
        28,
        47,
        14,
        30,
        23,
        12,
        29,
        18,
        27,
        14,
        24,
        19,
        25,
        21,
        30,
        22,
        32,
        27,
        30,
        14
      ]
    },
    "50": {
      "win_rate": 1.0,
      "loss_rate": 0.0,
      "draw_rate": 0.0,
      "wins": 100,
      "losses": 0,
      "draws": 0,
      "total_episodes": 100,
      "avg_episode_length": 29.46,
      "std_episode_length": 12.405176338932067,
      "episode_lengths": [
        39,
        26,
        34,
        62,
        35,
        30,
        18,
        43,
        10,
        34,
        25,
        27,
        31,
        11,
        71,
        12,
        49,
        23,
        28,
        24,
        31,
        29,
        27,
        39,
        24,
        22,
        34,
        27,
        30,
        15,
        24,
        30,
        26,
        26,
        20,
        32,
        26,
        29,
        22,
        63,
        35,
        20,
        25,
        28,
        29,
        42,
        17,
        23,
        55,
        30,
        49,
        56,
        51,
        14,
        22,
        15,
        24,
        17,
        30,
        35,
        18,
        32,
        48,
        19,
        14,
        48,
        32,
        14,
        30,
        20,
        19,
        34,
        29,
        31,
        13,
        13,
        22,
        52,
        46,
        34,
        27,
        43,
        13,
        24,
        30,
        17,
        28,
        37,
        16,
        28,
        56,
        17,
        25,
        48,
        24,
        31,
        21,
        27,
        21,
        20
      ]
    },
    "60": {
      "win_rate": 1.0,
      "loss_rate": 0.0,
      "draw_rate": 0.0,
      "wins": 100,
      "losses": 0,
      "draws": 0,
      "total_episodes": 100,
      "avg_episode_length": 29.36,
      "std_episode_length": 11.191532513467493,