{
  "evaluations": {
    "10": {
      "win_rate": 0.0,
      "loss_rate": 0.24,
      "draw_rate": 0.76,
      "wins": 0,
      "losses": 24,
      "draws": 76,
      "total_episodes": 100,
      "avg_episode_length": 48.02,
      "std_episode_length": 4.8866757617014045,
      "episode_lengths": [
        36,
        50,
        50,
        50,
        50,
        43,
        28,
        50,
        50,
        50,
        50,
        50,
        42,
        50,
        50,
        50,
        50,
        50,
        50,
        50,
        50,
        50,
        50,
        48,
        50,
        50,
        50,
        50,
        38,
        50,
        50,
        50,
        50,
        50,
        41,
        50,
        50,
        50,
        50,
        28,
        50,
        44,
        50,
        50,
        50,
        50,
        50,
        50,
        50,
        48,
        50,
        50,
        50,
        50,
        50,
        50,
        50,
        50,
        26,
        45,
        50,
        50,
        40,
        50,
        50,
        50,
        43,
        50,
        50,
        39,
        50,
        50,
        50,
        50,
        50,
        36,
        40,
        50,
        46,
        50,
        50,
        50,
        50,
        50,
        43,
        50,
        50,
        50,
        50,
        50,
        49,
        49,
        50,
        50,
        50,
        50,
        50,
        50,
        50,
        50
      ]
    },
    "20": {
      "win_rate": 0.14,
      "loss_rate": 0.15,
      "draw_rate": 0.71,
      "wins": 14,
      "losses": 15,
      "draws": 71,
      "total_episodes": 100,
      "avg_episode_length": 45.82,
      "std_episode_length": 9.03922563055044,
      "episode_lengths": [
        50,
        50,
        50,
        50,
        50,
        43,
        28,
        50,
        50,
        17,
        50,
        37,
        50,
        25,
        50,
        50,
        50,
        50,
        26,
        50,
        50,
        50,
        50,
        48,
        50,
        50,
        50,
        50,
        38,
        50,
        50,
        50,
        50,
        50,
        42,
        42,
        24,
        50,
        50,
        50,
        50,
        24,
        50,
        50,
        21,
        50,
        50,
        50,
        50,
        7,
        43,
        50,
        50,
        50,
        50,
        50,
        50,
        50,
        26,
        45,
        50,
        50,
        50,
        50,
        50,
        50,
        43,
        50,
        50,
        39,
        47,
        50,
        50,
        50,
        50,
        36,
        40,
        50,
        46,
        50,
        50,
        25,
        50,
        50,
        50,
        50,
        50,
        50,
        50,
        50,
        49,
        50,
        50,
        50,
        50,
        50,
        50,
        21,
        50,
        50
      ]
    },
    "30": {
      "win_rate": 0.0,
      "loss_rate": 0.0,
      "draw_rate": 1.0,
      "wins": 0,
      "losses": 0,
      "draws": 100,
      "total_episodes": 100,
      "avg_episode_length": 50.0,
      "std_episode_length": 0.0,
      "episode_lengths": [
        50,
        50,
        50,
        50,
        50,
        50,
        50,
        50,
        50,
        50,
        50,
        50,
        50,
        50,
        50,
        50,
        50,
        50,
        50,
        50,
        50,
        50,
        50,
        50,
        50,
        50,
        50,
        50,
        50,
        50,
        50,
        50,
        50,
        50,
        50,
        50,
        50,
        50,
        50,
        50,
        50,
        50,
        50,
        50,
        50,
        50,
        50,
        50,
        50,
        50,
        50,
        50,
        50,
        50,
        50,
        50,
        50,
        50,
        50,
        50,
        50,
        50,
        50,
        50,
        50,
        50,
        50,
        50,
        50,
        50,
        50,
        50,
        50,
        50,
        50,
        50,
        50,
        50,
        50,
        50,
        50,
        50,
        50,
        50,
        50,
        50,
        50,
        50,
        50,
        50,
        50,
        50,
        50,
        50,
        50,
        50,
        50,
        50,
        50,
        50
      ]
    },
    "40": {
      "win_rate": 0.98,
      "loss_rate": 0.0,
      "draw_rate": 0.02,
      "wins": 98,
      "losses": 0,
      "draws": 2,
      "total_episodes": 100,
      "avg_episode_length": 8.07,
      "std_episode_length": 6.968866478847188,
      "episode_lengths": [
        50,
        13,
        5,
        4,
        5,
        7,
        6,
        5,
        6,
        23,
        13,
        7,
        12,
        4,
        7,
        14,
        5,
        7,
        6,
        5,
        7,
        4,
        12,
        13,
        5,
        4,
        6,
        4,
        6,
        5,
        10,
        5,
        7,
        5,
        4,
        6,
        12,
        15,
        13,
        15,
        6,
        7,
        7,
        7,
        11,
        6,
        5,
        4,
        5,
        50,
        6,
        5,
        5,
        10,
        7,
        23,
        11,
        5,
        6,
        8,
        5,
        7,
        6,
        6,
        5,
        5,
        7,
        5,
        6,
        5,
        5,
        7,
        4,
        5,
        5,
        5,
        6,
        12,
        6,
        7,
        11,
        5,
        5,
        6,
        6,
        5,
        6,
        5,
        5,
        7,
        6,
        7,
        8,
        12,
        6,
        5,
        5,
        6,
        12,
        4
      ]
    },
    "50": {
      "win_rate": 0.85,
      "loss_rate": 0.0,
      "draw_rate": 0.15,
      "wins": 85,
      "losses": 0,
      "draws": 15,
      "total_episodes": 100,
      "avg_episode_length": 21.55,
      "std_episode_length": 13.462819169847005,
      "episode_lengths": [
        50,
        14,
        24,
        13,
        16,
        13,
        18,
        17,
        13,
        50,
        18,
        13,
        50,
        22,
        14,
        14,
        12,
        12,
        28,
        16,
        50,
        12,
        50,
        12,
        15,
        39,
        20,
        12,
        17,
        12,
        13,
        50,
        14,
        14,
        12,
        13,
        13,
        50,
        14,
        50,
        16,
        12,
        21,
        13,
        50,
        18,
        30,
        13,
        13,
        50,
        13,
        12,
        15,
        13,
        14,
        12,
        16,
        12,
        27,
        13,
        14,
        13,
        12,
        25,
        12,
        13,
        18,
        13,
        13,
        16,
        12,
        22,
        12,
        12,
        50,
        29,
        18,
        50,
        13,
        13,
        16,
        22,
        12,
        12,
        17,
        12,
        50,
        50,
        14,
        50,
        13,
        50,
        21,
        19,
        32,
        14,
        15,
        36,
        16,
        12
      ]
    },
    "60": {
      "win_rate": 0.22,
      "loss_rate": 0.0,
      "draw_rate": 0.78,
      "wins": 22,
      "losses": 0,
      "draws": 78,
      "total_episodes": 100,
      "avg_episode_length": 45.01,
      "std_episode_length": 10.075212156575166,