{
  "evaluations": {
    "20": {
      "win_rate": 0.83,
      "loss_rate": 0.17,
      "draw_rate": 0.0,
      "avg_episode_length": 70.96,
      "std_episode_length": 27.240014684283857,
      "wins": 83,
      "losses": 17,
      "draws": 0,
      "total_episodes": 100,
      "episode_lengths": [
        100,
        100,
        72,
        100,
        70,
        100,
        72,
        37,
        100,
        44,
        45,
        37,
        61,
        27,
        44,
        100,
        100,
        60,
        65,
        100,
        27,
        70,
        100,
        18,
        75,
        100,
        100,
        100,
        100,
        100,
        34,
        52,
        56,
        32,
        100,
        86,
        21,
        95,
        42,
        100,
        100,
        100,
        78,
        100,
        40,
        100,
        100,
        37,
        94,
        100,
        100,
        100,
        100,
        63,
        92,
        79,
        33,
        54,
        100,
        70,
        100,
        71,
        100,
        30,
        100,
        36,
        79,
        91,
        47,
        46,
        59,
        100,
        64,
        34,
        100,
        56,
        77,
        97,
        33,
        37,
        50,
        54,
        60,
        40,
        24,
        59,
        90,
        100,
        28,
        83,
        41,
        56,
        27,
        82,
        39,
        100,
        100,
        87,
        90,
        47
      ],
      "checkpoint": "/Users/I564936/personal/parallel-risk-gym/checkpoints/validation_run/checkpoint_000020",
      "opponent": "random",
      "map_name": "simple_6",
      "seed": 42
    },
    "40": {
      "win_rate": 0.97,
      "loss_rate": 0.03,
      "draw_rate": 0.0,
      "avg_episode_length": 51.09,
      "std_episode_length": 30.374691767983425,
      "wins": 97,
      "losses": 3,
      "draws": 0,
      "total_episodes": 100,
      "episode_lengths": [
        33,
        13,
        12,
        12,
        39,
        100,
        28,
        100,
        46,
        100,
        51,
        47,
        67,
        72,
        44,
        100,
        14,
        100,
        48,
        32,
        73,
        44,
        32,
        100,
        65,
        39,
        46,
        72,
        25,
        69,
        60,
        43,
        16,
        75,
        15,
        10,
        100,
        100,
        24,
        30,
        22,
        39,
        12,
        42,
        90,
        51,
        51,
        20,
        25,
        14,
        99,
        40,
        100,
        100,
        14,
        32,
        19,
        18,
        14,
        60,
        57,
        70,
        23,
        100,
        72,
        64,
        41,
        31,
        100,
        27,
        64,
        100,
        20,
        21,
        72,
        11,
        100,
        44,
        23,
        100,
        13,
        49,
        35,
        35,
        15,
        38,
        35,
        34,
        56,
        70,
        100,
        79,
        11,
        19,
        31,
        95,
        95,
        100,
        52,
        49
      ],
      "checkpoint": "/Users/I564936/personal/parallel-risk-gym/checkpoints/validation_run/checkpoint_000040",
      "opponent": "random",
      "map_name": "simple_6",
      "seed": 42
    },
    "60": {
      "win_rate": 1.0,
      "loss_rate": 0.0,
      "draw_rate": 0.0,
      "avg_episode_length": 29.54,
      "std_episode_length": 21.28822209579748,
      "wins": 100,
      "losses": 0,
      "draws": 0,
      "total_episodes": 100,
      "episode_lengths": [
        22,
        16,
        10,
        65,
        18,
        23,
        26,
        31,
        12,
        25,
        12,
        23,
        14,
        25,
        29,
        25,
        26,
        19,
        22,
        36,
        100,
        19,
        13,
        22,
        58,
        49,
        23,
        21,
        19,
        12,
        55,
        100,
        22,
        14,
        22,
        17,
        15,
        100,
        43,
        11,
        12,
        17,
        19,
        13,
        37,
        30,
        19,
        23,
        16,
        62,
        57,
        11,
        16,
        100,
        7,
        45,
        21,
        23,
        24,
        19,
        19,
        25,
        25,
        23,
        83,
        19,
        21,
        100,
        18,
        35,
        13,
        14,
        26,
        12,
        32,
        12,
        31,
        45,
        36,
        26,
        27,
        14,
        27,
        37,
        27,
        21,
        21,
        26,
        13,
        34,
        19,
        58,
        38,
        19,
        19,
        68,
        19,
        19,
        22,
        26
      ],
      "checkpoint": "/Users/I564936/personal/parallel-risk-gym/checkpoints/validation_run/checkpoint_000060",
      "opponent": "random",
      "map_name": "simple_6",
      "seed": 42
    },
    "80": {
      "win_rate": 0.99,
      "loss_rate": 0.01,
      "draw_rate": 0.0,
      "avg_episode_length": 27.01,
      "std_episode_length": 19.645098625356912,
      "wins": 99,
      "losses": 1,
      "draws": 0,
      "total_episodes": 100,
      "episode_lengths": [
        12,
        32,
        10,
        13,
        7,
        13,
        11,
        51,
        7,
        19,
        72,
        19,
        53,
        5,
        25,
        7,
        23,
        66,
        12,
        60,
        8,
        64,
        23,
        7,
        53,
        44,
        22,
        47,
        13,
        43,
        24,
        10,
        9,
        29,
        19,
        27,
        14,
        7,
        18,
        19,
        43,
        17,
        43,
        47,
        38,
        6,
        6,
        21,
        8,
        15,
        79,
        21,
        36,
        100,
        12,
        13,
        33,
        44,
        12,
        17,
        8,
        12,
        6,
        24,
        15,
        31,
        16,
        19,
        26,
        81,
        33,
        12,
        20,
        40,
        29,
        7,
        12,
        33,
        44,
        80,
        29,
        29,
        36,
        15,
        37,
        20,
        29,
        13,
        28,
        37,
        12,
        44,
        16,
        29,
        63,
        10,
        7,
        13,
        40,
        18
      ],
      "checkpoint": "/Users/I564936/personal/parallel-risk-gym/checkpoints/validation_run/checkpoint_000080",
      "opponent": "random",
      "map_name": "simple_6",
      "seed": 42
    },
    "100": {
      "win_rate": 1.0,
      "loss_rate": 0.0,
      "draw_rate": 0.0,
      "avg_episode_length": 18.57,
      "std_episode_length": 12.46776242956209,
      "wins": 100,
      "losses": 0,
      "draws": 0,
      "total_episodes": 100,